,Mon,Tue,Wed,Thu,Fri,Sat,Sun,Mon,Tue,Wed,Thu,Fri,Sat,Sun,Mon,Tue,Wed,Thu,Fri,Sat,Sun,Mon,Tue,Wed,Thu,Fri,Sat,Sun
Center,Day 1,Day 2,Day 3,Day 4,Day 5,Day 6,Day 7,Day 8,Day 9,Day 10,Day 11,Day 12,Day 13,Day 14,Day 15,Day 16,Day 17,Day 18,Day 19,Day 20,Day 21,Day 22,Day 23,Day 24,Day 25,Day 26,Day 27,Day 28
Center 1,Control,Control,Control,Control,Control,Control,Control,Control,Control,Control,Control,Control,Control,Control,Control,Control,Control,Control,Control,Control,Control,Control,Control,Control,Control,Control,Control,Control
Center 2,Control,Control,Control,Control,Control,Control,Control,Control,Control,Control,Control,Control,Control,Control,Control,Control,Control,Control,Control,Control,Control,Control,Control,Control,Control,Control,Control,Control
Center 3,Control,Control,Control,Control,Control,Control,Control,Control,Control,Control,Control,Control,Control,Control,Control,Control,Control,Control,Control,Control,Control,Control,Control,Control,Control,Control,Control,Control
Center 4,Control,Control,Control,Control,Control,Control,Control,Control,Control,Control,Control,Control,Control,Control,Control,Control,Control,Control,Control,Control,Control,Control,Control,Control,Control,Control,Control,Control
Center 5,Control,Control,Control,Control,Control,Control,Control,Control,Control,Control,Control,Control,Control,Control,Control,Control,Control,Control,Control,Control,Control,Control,Control,Control,Control,Control,Control,Control
Center 6,Control,Control,Control,Control,Control,Control,Control,Control,Control,Control,Control,Control,Control,Control,Control,Control,Control,Control,Control,Control,Control,Control,Control,Control,Control,Control,Control,Control
Center 7,Control,Control,Control,Control,Control,Control,Control,Control,Control,Control,Control,Control,Control,Control,Control,Control,Control,Control,Control,Control,Control,Control,Control,Control,Control,Control,Control,Control
Center 8,Control,Control,Control,Control,Control,Control,Control,Control,Control,Control,Control,Control,Control,Control,Control,Control,Control,Control,Control,Control,Control,Control,Control,Control,Control,Control,Control,Control
Center 9,Control,Control,Control,Control,Control,Control,Control,Control,Control,Control,Control,Control,Control,Control,Control,Control,Control,Control,Control,Control,Control,Control,Control,Control,Control,Control,Control,Control
Center 10,Control,Control,Control,Control,Control,Control,Control,Control,Control,Control,Control,Control,Control,Control,Control,Control,Control,Control,Control,Control,Control,Control,Control,Control,Control,Control,Control,Control
Center 11,Control,Control,Control,Control,Control,Control,Control,Control,Control,Control,Control,Control,Control,Control,Test,Test,Test,Test,Test,Test,Test,Test,Test,Test,Test,Test,Test,Test
Center 12,Control,Control,Control,Control,Control,Control,Control,Control,Control,Control,Control,Control,Control,Control,Test,Test,Test,Test,Test,Test,Test,Test,Test,Test,Test,Test,Test,Test
Center 13,Control,Control,Control,Control,Control,Control,Control,Control,Control,Control,Control,Control,Control,Control,Test,Test,Test,Test,Test,Test,Test,Test,Test,Test,Test,Test,Test,Test
Center 14,Control,Control,Control,Control,Control,Control,Control,Control,Control,Control,Control,Control,Control,Control,Test,Test,Test,Test,Test,Test,Test,Test,Test,Test,Test,Test,Test,Test
Center 15,Control,Control,Control,Control,Control,Control,Control,Control,Control,Control,Control,Control,Control,Control,Test,Test,Test,Test,Test,Test,Test,Test,Test,Test,Test,Test,Test,Test
Center 16,Control,Control,Control,Control,Control,Control,Control,Control,Control,Control,Control,Control,Control,Control,Test,Test,Test,Test,Test,Test,Test,Test,Test,Test,Test,Test,Test,Test
Center 17,Control,Control,Control,Control,Control,Control,Control,Control,Control,Control,Control,Control,Control,Control,Test,Test,Test,Test,Test,Test,Test,Test,Test,Test,Test,Test,Test,Test
Center 18,Control,Control,Control,Control,Control,Control,Control,Control,Control,Control,Control,Control,Control,Control,Test,Test,Test,Test,Test,Test,Test,Test,Test,Test,Test,Test,Test,Test
Center 19,Control,Control,Control,Control,Control,Control,Control,Control,Control,Control,Control,Control,Control,Control,Test,Test,Test,Test,Test,Test,Test,Test,Test,Test,Test,Test,Test,Test
Center 20,Control,Control,Control,Control,Control,Control,Control,Control,Control,Control,Control,Control,Control,Control,Test,Test,Test,Test,Test,Test,Test,Test,Test,Test,Test,Test,Test,Test